{"cameraMode":{"drawMode":0,"name":"Shaded","section":"Shading Mode"},"sceneLighting":false,"audioPlay":false,"sceneViewState":{"m_AlwaysRefresh":false,"showFog":true,"showSkybox":false,"showFlares":true,"showImageEffects":true,"showParticleSystems":true,"showVisualEffectGraphs":true,"m_FxEnabled":true},"in2DMode":false,"pivot":{"x":1.3483452796936036,"y":1.8389759063720704,"z":1.6988029479980469},"rotation":{"x":-0.029389237985014917,"y":0.9342255592346191,"z":-0.34653517603874209,"w":-0.07923004776239395},"size":1.7445002794265748,"orthographic":false}