{"cameraMode":{"drawMode":0,"name":"Shaded","section":"Shading Mode"},"sceneLighting":true,"audioPlay":false,"sceneViewState":{"m_AlwaysRefresh":false,"showFog":true,"showSkybox":true,"showFlares":true,"showImageEffects":true,"showParticleSystems":true,"showVisualEffectGraphs":true,"m_FxEnabled":true},"in2DMode":false,"pivot":{"x":-1.2194571495056153,"y":-3.1845316886901857,"z":-7.903573036193848},"rotation":{"x":0.011952029541134835,"y":0.4240971803665161,"z":-0.005600314121693373,"w":0.9055323004722595},"size":7.607548713684082,"orthographic":true}